编号,适用技能,分类,层级,关键词,意图与同义词,适用题材,大模型指令,核心摘要,详细展开,节奏类型,情绪调动手法,毒点
PA-001,write|plan,节奏,知识补充,压抑后爆发|忍耐爆发|先抑后扬|情绪宣泄,憋屈后怎么反杀|忍了很久后爆发怎么写|压抑爆发节奏,全部,先把压抑写具体且持续，再在不可退让点集中爆发，不要用一句“他终于怒了”替代积累。,压抑蓄力爆发的关键是限制持续累加，让读者和主角一起憋，再在一个不能再退的节点一次性兑现。,压抑段要有真实损失和无法立刻反击的理由，爆发段则必须改写关系、局面或规则，不能只是情绪大声量。,压抑蓄力爆发期,限制累加|沉默停顿|单点引爆,前面没有真实压抑|爆发只喊口号不改局面|爆发后立刻归零
PA-002,write|plan,节奏,知识补充,微反转|补刀|假结束|还有一手,微反转补刀|以为结束其实还有一手|补刀式反转怎么写,全部,先给读者一个“已经结束”的错觉，再用新信息或更高层级结果完成补刀。,微反转补刀适合放在爽点兑现后半拍，用假结束制造松弛，再用更狠的一手把情绪再抬一格。,这类节拍最怕提前透完牌，因此前段只兑现主目标，后段再揭开隐藏收益、额外代价或对方更惨的后果。,微反转补刀期,假结束停顿|追加信息揭示|情绪二次抬升,还没建立结束感就硬补刀|补刀信息与前文无关|连续多次反转导致读者疲劳
PA-003,plan|write,节奏,知识补充,中后期节奏|留存修复|爽点密度|钩子分布,中后期节奏塌了怎么办|后期注水怎么办|留存下降怎么救,全部,先统计最近二十到五十章的爽点、信息量、钩子和情绪曲线，再决定删减还是补强。,中后期节奏诊断不能只凭感觉，至少要同时看爽点密度、信息量、章末钩子和情绪曲线四个维度。,如果留存下降，优先判断是爽点重复、信息拖延、钩子失效还是情绪长期平直，再对症调整章节任务。,中后期留存修复期,四维诊断|密度重排|删注水补钩子,只会笼统要求加快节奏|不统计近章分布|把所有问题都归咎于字数
PA-004,write|plan,节奏,知识补充,情绪高压|激烈吵架|诀别节奏|余韵留白,吵架场景怎么控节奏|诀别戏怎么排|高压情绪场景节奏,全部,按铺垫、爆发、余韵三段排布情绪，不要把最狠的话和最大动作一口气全扔完。,高情绪场景需要有起压、爆点和余韵，读者才会感到情绪真的经过了积累、决裂和回响。,铺垫段负责点燃问题，爆发段击中不可调和点，余韵段通过沉默或动作让关系变化真正落地。,情绪高压三段式,递进争执|临界爆发|沉默余韵,一开场就顶格吵架|高潮过后无余波|人物情绪切得太快像开关
PA-005,plan|write,节奏,知识补充,反派体系|压力阶梯|对手层级|BOSS递进,反派体系怎么搭|压力阶梯怎么排|对手太弱怎么办,全部,每一层反派都要对应不同压力来源和损失类型，避免只是把同一种敌人换成更高数值。,反派体系要拆成试探、压制、改局、终局四类压力，让对手升级不仅更强，还能改变主角的代价和决策难度。,小反派负责引战和暴露短板，中层反派负责切资源与人脉，高层反派负责改规则或改地图，终极反派才承担价值观对决；若所有对手只会靠战力叠数值，读者很快会麻木。,反派压力阶梯推进,小反派试探|中层压制|高层改局|阶段释压,每层反派同质化|压力只涨战力不涨损失|主角成长和敌强完全脱节
PA-006,write|plan,节奏,知识补充,冲突升级|狗血升级|多方修罗场|冲突螺旋,冲突怎么层层升级|修罗场怎么加码|狗血冲突升级路径,现言|古言|幻言,先确认原始冲突和角色动机，再用催化事件、多方入局、峰值爆点三段加码，不能凭空硬拐。,狗血冲突升级要沿着原冲突、催化事件、多方入局、峰值爆点逐层推进，每次升级都让情感 stakes 更难回头。,最稳的做法不是一句更狠的台词，而是引入新证据、新参与方或公开场合，让私下矛盾变成关系、利益、体面一起失控；升级后还要留下余波，不然只剩吵闹。,狗血冲突螺旋升级,催化事件|多方入局|峰值爆点|余波扩散,只有吵架没有 stakes|升级没有催化剂|角色动机和行为突然断裂
PA-007,plan|write,节奏,知识补充,黄金三章|开篇钩子|情绪契约|前300字,黄金三章怎么排|开头怎么抓人|前300字怎么写,全部,前300字先立核心钩子和情绪承诺，再展示卖点与压迫，不要把背景说明写成开篇主体。,黄金三章不是固定模板，而是尽快和读者签下情绪契约，让人知道继续读能拿到什么。,第一章抓钩子和主角处境，第二章升压与展示差异点，第三章完成第一次小兑现并抛出更大悬念。,黄金三章情绪契约,前300字钩子|压迫立场|小兑现再加悬念,开篇先讲设定史|三章过去还没卖点|只抛谜语不给情绪承诺
PA-008,write|plan,节奏,知识补充,章末钩子|悬念结尾|断章|追读钩子,章末怎么卡点|下一章钩子怎么做|章节结尾怎么断,全部,在动作、发现或身份揭露的临界点收住，并抛出新问题而非把旧问题全解释完。,章末钩子要让读者带着新问题离开本章，而不是在总结句里把情绪放掉。,发现型、危险型、揭露型都能用，但必须建立在本章已推进的基础上，不能靠无意义断句硬卡。,章末钩子断点,戛然而止|新问题抛出|旧问题推进后再断,断在无关句子上|只故弄玄虚不推进|每章都同一种钩子导致疲劳
PA-009,plan|write,节奏,知识补充,群像节奏|多线叙事|汇聚点|视角切换,群像文怎么控节奏|多线怎么不散|视角切换怎么排,全部,先确定所有支线的汇聚事件，再倒推各线推进速度和切换时机，避免每条线各写各的。,群像多线最重要的是汇聚点和切视角节拍，没有大事件汇流就会越写越散。,每条线都要有独立悬念，同时不断朝同一场大战、灾变或公开事件聚拢，切换才会形成追读感。,群像多线汇聚期,视角轮换|多线悬念并行|汇聚事件爆发,支线互不相干|视角切换毫无规律|汇聚事件来得太晚
PA-010,plan|write,节奏,知识补充,战力崩坏|中期补救|维度升级|限制主角,主角太强怎么办|战力崩了怎么救|中期可看性怎么救,玄幻|仙侠|奇幻|都市,优先改胜利条件、环境限制或克制关系，不要粗暴回砍主角数值。,战力膨胀的补救重点是改规则和任务维度，让强者也必须重新思考如何赢。,可以引入护送、解谜、反克制、封印、时间限制等目标，让单纯秒杀不再解决问题。,战力膨胀修复期,改胜利条件|环境限制|反克制敌人|新维度压力,直接削弱主角设定|只换更高数值敌人|补救手段和前文力量体系冲突
PA-011,plan|write,节奏,知识补充,卷间衔接|前情回顾|下卷预告|卷末过渡,卷间怎么衔接|前情回顾怎么写|下卷预告怎么吊人,全部,回顾只提最关键的变化和未解悬念，预告只给方向和新压迫，不要把新卷底牌提前说光。,卷间衔接要同时服务老读者回忆和新读者接入，用回顾收束上一卷，用预告拉起下一卷期待。,最稳的做法是提三到五个关键变化，再把下一卷的敌人、地图或真相点到即止，而不是把整卷复述一遍。,卷间回顾预告,关键事件提纯|未解悬念回点|新卷方向诱饵,把上一卷复述成流水账|预告剧透过量|完全不照顾遗忘读者
PA-012,plan|write,节奏,知识补充,修罗场|多方对峙|争风吃醋|喜剧冲突,修罗场怎么升级|多方对峙怎么排|恋爱喜剧冲突怎么加码,现言|幻言|衍生,让每个参与者带着不同优势和诉求入场，并持续抬高尴尬值和冲突密度，不要只重复吵同一句话。,多方修罗场要靠持续加码的误会、身份优势和主角受难感制造笑点，而不是单纯互骂。,最稳的节拍是先双人对撞，再三方误解，最后多人同场把尴尬和危险一起推到峰值。,修罗场多方加压期,多方同时入场|优势各显神通|主角受难反差,角色只会重复同一种吃醋台词|主角完全没有夹心压力|场面乱但不好笑
PA-013,plan|write,节奏,知识补充,首杀争夺|全服公告|进度竞争|世界首杀,首杀怎么写|抢首杀怎么制造紧张|世界首杀节奏怎么控,游戏|衍生,把进度竞速、灭团风险和独家奖励绑在一起写，让每一秒都像在和全服赛跑。,首杀争夺的爽点来自时间压强、竞争对手逼近和全服公告式的最终兑现。,隐藏机制、最后一击、频道爆炸和独占称号都能抬高情绪，但前提是先让读者感到失误一次就会满盘皆输。,首杀争夺冲刺期,限时竞速|灭团风险|全服公告兑现,竞争对手毫无存在感|机制没有失败压力|奖励太轻撑不起首杀重量
PA-014,plan|write,节奏,知识补充,大逃杀|安全区收缩|毒圈|生存竞赛,大逃杀节奏怎么控|毒圈怎么推动剧情|吃鸡副本怎么不拖,游戏|悬疑|科幻|衍生,用安全区收缩、空投和临时结盟持续压缩选择空间，让幸存者数量和地图范围一起变小。,大逃杀类节奏要靠地图收缩和随机变量不断逼迫角色移动、结盟和背叛，不能长期窝点发育不见人。,安全区每轮变化都该带来新的资源竞争、路线冲突和人性试探，才能把生存赛写出持续张力。,收缩圈生存淘汰期,安全区缩小|空投诱饵|临时结盟再背刺,地图收缩只是背景板|角色长期龟缩不接触|随机机制完全没有后果
PA-015,plan|write,节奏,知识补充,失忆线|身份重构|记忆碎片|真身揭露,失忆剧情怎么排|身份重构怎么吊着读者|记忆碎片怎么放,悬疑|都市|科幻|奇幻,本能反应先于真相揭露，记忆碎片要逐层加码，并让新羁绊和旧身份持续对撞。,失忆身份线最稳的节奏是先给异常本能和碎片线索，再把旧身份的恶性或任务一点点逼近现在的人际关系。,不要太早揭底，也不要一直拖着不揭；每隔一个阶段都要给读者新的拼图和更高 stakes。,失忆身份重构弧,本能异常|记忆碎片|新旧身份冲突升级,线索重复不升级|真相拖太久失去兴趣|揭露后对现有人际没有冲击
PA-016,plan|write,节奏,知识补充,学院大考|震惊教授|逐题升级|考试反转,学院考试怎么写爽|答题震教授怎么排|学霸流考试节奏,衍生|玄幻|都市,先用常规题稳住，再用非常规题或创新答案抬升震撼，别一上来就满分无脑碾压。,学院大考类爽点要逐题抬高，让主角从稳定发挥走向非常规破题，惊艳感会更足。,最好先建立考题难度和全场预期，再让主角在教授都犹豫的节点给出独特正确解法。,学院大考逐题抬升期,难题递进|非常规答案|全场预期被连续改写,考题没有难度基准|主角一出手就直接封神|围观反应全靠夸张尖叫
PA-017,plan|write,节奏,知识补充,系统降临|全球公告|末世开局|游戏化开篇,系统降临开篇怎么抓人|全球公告怎么有压迫|末世开头节奏,科幻|悬疑|衍生,宣告要短、冷、硬，规则落地后立刻给出第一波集体混乱或伤亡，禁止公告完还在原地解释。 ,全球系统化开篇的节奏要在几句宣告内完成旧秩序崩塌，并马上用第一轮异变兑现规则不是吓唬人。,最怕的是公告很响却迟迟没有行动后果；真正抓人的写法是宣告和灾变几乎同步发生。,系统降临开篇崩盘期,冷酷宣告|集体异变|旧世界瞬间失效,公告过长像设定说明|宣告后无即时后果|主角和旁观者都反应过慢
PA-018,plan|write,节奏,知识补充,卷章平衡|四任务平衡|防注水|章功能分配,怎么防注水章|一章功能怎么平衡|卷章任务怎么排,全部,连续多章里至少轮换剧情推进、人物变化、信息揭露和情绪兑现，避免一整卷只有同一种推进方式。,长篇最常见的注水问题不是没事发生，而是很多章只做同一种事，导致读者感觉一直在原地踏步。,如果某几章都在铺垫，那就必须明确人物或信息层面的新增，否则就会被感知成拖沓。,卷章四任务平衡,任务轮换|功能错位补偿|多维推进,连续多章只有铺垫|剧情走了角色不变|只抛压力不做任何兑现
PA-019,plan|write,节奏,知识补充,段落情绪曲线|章内起伏|章内节奏|段落功能,一章内部情绪怎么起伏|段落节奏怎么排|章内怎么不平,全部,一章内部至少安排一次明显上扬和一次回落，再在结尾挂钩，别让整章保持单一声调。,章节内部的情绪曲线决定读者会不会觉得顺，哪怕事件很多，如果声调始终不变也会显得平。,段落级别的开头引入、中段抬升、转折变调、结尾卡点，比宏观的大纲更直接影响阅读体感。,段落级情绪起伏,引入|抬升|转折|短回落|章末再钩,整章都在同一情绪档位|高潮太早后面拖平|结尾没有新问题
PA-020,plan|write,节奏,知识补充,前五章|前5章|卖点直出|开局展示,前五章怎么排|卖点什么时候出|开局几章怎么抓人,全部,前五章必须让题材、主角处境和至少一个核心卖点落地，禁止长期背景热身。,很多长篇不是死在后期，而是前五章还没让读者知道这书到底好看在哪。,即使要铺世界观，也该让金手指、主冲突或角色欲望尽快上桌，让读者先尝到味。,前五章卖点直出期,题材亮相|主冲突入场|差异卖点尽快兑现,前五章还在纯讲背景|卖点全靠简介承担|主角长时间被动漂着
PA-021,plan|write,节奏,知识补充,爽压钩平衡|章章三联|章节追读|连载节奏,追读节奏怎么稳|章节怎么又爽又紧|连载每章怎么排,全部,连续章节里保持爽点、压力和钩子的基础配比，别让连载忽冷忽热完全失衡。,追读感稳定的连载，往往不是章章大高潮，而是章章都有回报、有压力、也有下一步诱饵。,小爽点能续命，小压力能蓄势，小钩子能续读，三者比单靠大高潮更适合日更。,章章爽压钩均衡期,小兑现保甜度|压力续火|结尾卡问题,连续几章全是铺垫|连续几章只剩无脑爽|钩子全挤在卷尾才出现
PA-022,plan|write,节奏,知识补充,高潮分布|大小高潮|节奏疏密|高潮校准,高潮怎么分布|大纲高潮太密怎么办|高潮太少怎么救,全部,卷内要有大高潮和小高潮的疏密设计，密了会疲劳，稀了会流失。,高潮不是越多越好，关键是让读者在等待中有小奖励，在爆发时有大满足。,一般可以用数章一个小爆点、数十章一个卷级爆点的方式维持稳定期待。,高潮疏密校准期,小高潮续燃|卷级高潮收束|过渡章留余温,高潮全挤在卷末|铺垫过长中途没奖励|每章都当高潮写导致麻木
PA-023,plan|write,节奏,知识补充,卷终余波|高潮后结算|卷尾善后|状态重排,高潮后怎么收|卷尾怎么结算|大战后怎么接下一卷,全部,卷级高潮后必须给人物、关系和势力格局一个结算窗口，再抛下一卷方向。,大高潮后立刻硬切新地图，读者常会失重；适度余波结算能把满足感沉到底。,伤亡、奖惩、名声变化、阵营站队和新危机种子，都适合在卷终余波里完成排列。,卷终余波结算期,高潮后缓落|状态重排|新方向轻钩,刚打完就直接开新副本|重要代价一笔带过|卷尾只有庆功没有新悬念
PA-024,plan|write,节奏,知识补充,分支选择|蝴蝶效应|选择后果|隐藏选项,选择怎么写得有意义|分支怎么影响后文|隐藏选项怎么做,游戏|悬疑,让选择立刻带来一层结果、后续再回收更大代价或收益，别把选项写成换皮对白。,真正有效的分支选择，不是眼前哪个更酷，而是现在的选项会在很后面回来追账。,属性门槛、特殊道具或隐藏线都可以当分支钥匙，但必须让后果实打实改变路线。,选择分支蝴蝶效应期,即时取舍|延迟回收|隐藏路线奖励,选哪个都一样|只在当章有效|隐藏路线没有真正价值差
PA-025,plan|write,节奏,知识补充,规则递进|规则揭示|基础规则|隐藏规则|反转规则,规则类节奏怎么排|规则什么时候揭示|隐藏规则怎么放,悬疑,开局给基础规则，中段给矛盾和例外，后段再揭隐藏真相，让读者一直有新认知。,规则类题材最怕一次把所有规则说完，真正好看的节奏是规则本身也在升级。,先让角色学会活下去，再让他们怀疑规则，最后让他们知道规则背后还有更可怕的秩序。,规则递进揭示期,基础认知建立|矛盾刺破|隐藏真相翻盘,开篇就解释完所有规则|后续只重复执行|隐藏规则靠临时补设定
PA-026,plan|write,节奏,知识补充,证据累积|逼近真相|推理节奏|假设排除,推理节奏怎么排|线索怎么一步步逼近真相|证据怎么累积,悬疑,每轮推理都让证据否掉旧假设、逼近新假设，不要原地空转讨论。,推理节奏的爽点来自认知不断被更新，而不是角色围着同一堆线索打转。,可以按现象、假设、反证、修正、再验证的节拍推进，让真相像被一点点逼出来。,证据累积逼真相期,旧认知崩塌|新假设冒头|证据再补刀,线索堆很多但没有推进|每轮讨论重复旧内容|真相突然从天而降
PA-027,plan|write,节奏,知识补充,倒计时|副本限时|时间限制|闯关压迫,倒计时怎么制造压力|限时副本怎么排节奏|时间限制怎么有用,悬疑,把时间限制挂在任务、规则和奖励上，让每次犹豫都能感到成本流失。,限时机制之所以有效，是因为它让任何探索、争执和试错都带上了真实损耗。,计时器、轮班、天黑、资源腐败等都能成为时间压力，关键是它必须改变人物选择。,副本限时倒计时期,时钟压迫|试错成本增加|临近截止爆发,说是限时却没有实际后果|角色闲聊很多却不紧张|倒计时只在结尾想起来
PA-028,plan|write|init,节奏,知识补充,天赋揭晓|升级反馈|抽取回报|稀有奖励,天赋系统怎么维持期待|升级怎么有反馈|抽卡回报怎么排节奏,悬疑|游戏,把天赋揭晓、升级和共鸣效果当成阶段性奖励节点，既给爽感也给后续想象空间。,成长系统最容易黏住读者的地方，是每次揭晓新能力都像打开一扇更危险也更诱人的门。,稀有度、冷却、升级条件和组合效果都可以成为期待源，但一定要与当前困境形成对应。,天赋揭晓升级期,稀有揭晓|能力解锁|新困局同步抬升,新能力只会堆数值|升级与当前剧情无关|揭晓太频繁导致通胀
PA-029,plan|write,节奏,知识补充,多线汇聚|群像收束|大事件汇流|会师高潮,群像文什么时候该汇线|多线剧情怎么集中爆发|多条支线怎么一起炸,全部,分散多线跑到一定阶段后，必须安排一个足够大的汇聚事件统一结算，不然读者会觉得散。 ,多线汇聚期的作用，是把分散积累的情绪和信息集中引爆，让所有支线第一次互相照亮价值。,都城围困、最终考试、周年庆典爆炸、天灾降临，这类节点最适合让群像命运正式撞车。,多线汇聚大事件期,多线并压|人物会师|单点爆破式收束,支线一直分着跑|汇聚点只是普通碰头|汇线后没有真正改变局势
PA-030,plan|write,节奏,知识补充,人物弧光|催化转折|成长节点|角色变化节拍,角色什么时候该变|人物成长转折怎么排|弧光节奏怎么做,全部,把人物弧光的关键变化压在催化事件之后，让情节和性格转折同拍，而不是各写各的。 ,人物变化有节奏，读者才会觉得成长扎实，而不是作者想改就改。,通常应先积压旧问题，再给催化剂，再让人物做出一次和过去不同的决定，成长才会被感知。,弧光催化转折期,旧伤累积|事件刺破|新选择落地,没有催化事件直接变人|转了但没反映到行为|转变刚发生就被下一情节盖掉
PA-031,plan|write,节奏,知识补充,倒叙开篇|追因结构|先给结果|非线性节奏,倒叙开头节奏怎么排|先放结局后面怎么追|非线性开篇怎么不乱,悬疑|现言|奇幻,倒叙开篇之后，后文必须持续提供‘为什么会走到这里’的增量，而不是普通线性重播。 ,倒叙开篇追因期的快感，来自读者一路重新理解开头那一幕，而不是单纯等故事追上它。,开场结果越强，后续追因线就越要层层改写读者理解，否则会很快失去驱动力。,倒叙开篇追因期,强结果先钩|逐层释因|临近追平时再翻新认知,开篇炸完后面平铺|追因线没有新信息|最终解释撑不起开头的冲击力
PA-032,plan|write,节奏,知识补充,留存止血|卡文急救|掉读修复|节奏抢救,最近很拖怎么救|留存掉了先改什么|卡文时期怎么快速止血,全部,当连载进入低压期，优先用1到3章止血：补爽点、回主线、强钩子，不要继续慢热自救。 ,留存止血期的核心不是完美调整，而是先把读者拉回主线上，重新建立追更理由。,最快的止血手段通常是删掉冗余铺垫、补一个阶段兑现、加一条高价值新问题。,留存止血急救期,快速回主线|短章强钩|小爽点止血,掉读时继续慢铺|想一次大改反而更拖|只补设定不补情绪回报
PA-033,plan|write,节奏,知识补充,战力受限|主角太强怎么办|战力膨胀修复|限制发挥,主角太强怎么继续写|战力崩了怎么救|不能再一招秒怎么办,玄幻|都市|奇幻,不要直接削主角数值，先改胜利条件和战场规则，让强者也必须重新思考。 ,战力受限期真正有效的修复手段，是换维度，不是单纯把角色写笨或写弱。,护送任务、反制敌人、禁魔区、保护NPC、对手克制属性，这些都能让一拳超人重新变得有戏。,战力受限再造张力期,规则换维|新限制压强|爆发窗口变珍贵,强行削弱主角|所有敌人无脑更强|限制只出现一章就消失
PA-034,plan|write,节奏,知识补充,时间跳跃|时间跳过|修炼期略写|三年后,什么时候该时间跳跃|枯燥阶段怎么跳过|时间线怎么提速,全部,当成长过程已无新冲突时，果断时间跳跃，把篇幅留给节点，而不是把每天都写满。 ,时间跳跃不是偷懒，而是把冗长过程压缩成结果前的悬念和结果后的兑现。,闭关、修炼、打基础、搬迁重建等过程，只要变化逻辑已明，就可以通过‘三年后’直接提速。,时间跳跃提速期,略过程保节点|压抑后直接兑现|时间差制造期待,该跳不跳写成流水账|跳太猛导致人物关系断层|跳完后没有补足变化结果
PA-035,plan|write,节奏,知识补充,伦理困境|道德后遗症|选择余震|两难震荡,无解选择后面怎么写|两难之后怎么留伤口|道德困境后遗症怎么排,悬疑|科幻,做出选择不是结束，后面必须安排心理余震、外界评判和关系裂口，让代价继续追人。 ,无解抉择真正能拉高层次的地方，不在当场选，而在选择之后的人生开始变形。,自责、舆论、同伴离心、反派利用选择造势，这些余震越持续，抉择越显得有分量。,道德抉择震荡期,决策冲顶|事后余震|关系和舆论持续追债,选完就翻篇|后遗症只写一章|两难被后续轻易洗白
PA-036,plan|write,节奏,知识补充,主神任务|文字陷阱|任务歧义|轮回者被坑,主神任务怎么坑人|任务文字游戏怎么排|无限流规则陷阱怎么写,悬疑|游戏,把任务写得表面清楚、实际有歧义，让主角靠读字、试错和信息差活下来，而不是靠主神放水。 ,主神任务歧义期的爽点，在于别人把任务当通知，主角却把它当机关。,生存七天和保护所有人、带回恐龙蛋和确保恐龙蛋完整，这种微小字差最适合成为陷阱和翻盘口。,主神任务歧义陷阱期,任务发布稳压|误解引坑|读字破局反杀,歧义太牵强像抬杠|任务根本无法理解|陷阱全靠作者事后解释
PA-037,plan|write,节奏,知识补充,假结束|还有一手|微反转补刀|二次翻面,爽点后怎么再补一刀|以为结束后再翻面怎么排|微反转怎么更狠,全部,先给一个足够像结局的落点，再在半拍停顿后翻第二次；补刀信息必须前面埋过。,假结束再翻面期最有效的地方，在于读者刚松一口气，新的更高情绪就又压下来。,主角刚赢、误会刚解、任务刚完成、反派刚认输，都是假结束的好节点；但第二翻面必须建立在前文已有信息上。,假结束再翻面期,先兑现主爽|短暂停顿放松|补刀二次拔高,假结束太假|第二翻面凭空掉落|连续翻太多次把读者翻麻
PA-038,plan|write,节奏,知识补充,情感账户|情绪回报|关系回血|低谷回暖,长篇压太久怎么补情绪|关系戏什么时候该回报|一直虐什么时候该给糖,全部,持续施压后必须安排情感回补节点，让角色和读者都得到呼吸，不要把连载写成永恒低压仓。,情感账户回补期的作用，是在持续冲突中给角色关系和读者情绪一次真实回血。,并肩吃饭、短暂和解、旧伤被看见、承诺兑现、有人站到主角这边，这些都能作为高价值情感回报。,情感账户回补期,压后给糖|关系回暖|温情中埋下一轮动力,只压不补|回补全靠口头安慰|温情戏与主线完全割裂
PA-039,plan|write,节奏,知识补充,伏笔清债|回收库存|遗忘伏笔|伏笔盘点,伏笔埋太多怎么收|遗忘伏笔怎么处理|中后期该回收哪些线,全部,定期盘点伏笔库存，优先回收影响主线理解和读者记忆的那批线，不要无限透支后期解释成本。,伏笔库存清债期的重点，不是一次讲完所有答案，而是把该兑现的关键线按优先级稳稳结清。,身份线、旧物线、承诺线、隐藏规则线都要分轻重；最好让一个回收同时带出下一阶段的新问题。,伏笔库存清债期,旧线回亮|兑现补偿|回收顺带开新问,一直只埋不收|一次回收太多像说明会|早期关键线被作者自己忘掉
PA-040,plan|write,节奏,知识补充,对手阶梯|小boss中boss|压力接力|敌人升级,反派怎么一层层抬高|打完一个boss后怎么接更大压力|对手体系怎么排节奏,全部,让每层对手都代表新的压力维度，别只做数值加大版；对手更替应像接力，不像随机刷怪。,对手阶梯接力期能把阶段胜利转成更大压强，让读者知道局不是打完一个人就清零。,小BOSS试锋，中层敌人扩资源和范围，大BOSS改规则或改地图，上升应体现在维度而非单纯血条。,对手阶梯接力期,局部胜利|更高压入场|压力维度升级,每层敌人只是更强|前后对手彼此无关系|打完一层世界又像重新开始
PA-041,plan|write,节奏,知识补充,小高潮续航|短周期兑现|三五章一爽|连载续命,中长篇怎么持续给回报|小高潮怎么排得不断|不能老等卷末爆发怎么办,全部,用三到五章一个小兑现的节拍续航，把读者持续送到下一次满足点，而不是只等卷末总爆发。,小高潮接力续航期的本质，是用密度稳定的局部回报维持长篇追读，而非章章放烟花。,小胜利、关系推进、线索突破、能力小升、局部打脸都可以当小高潮，只要类型轮换就不容易疲劳。,小高潮接力续航期,短周期回报|类型轮换|小奖后接新问题,所有回报都拖到卷末|小高潮类型重复|兑现后完全不接下一步动力
PA-042,plan|write,节奏,知识补充,结构纠偏|中段失速|进度偏离|删并支线,写到中段歪了怎么救|大纲和实际进度不一致怎么办|结构跑偏如何纠正,全部,先确认必须保留的骨干节点，再剪并支线和挪顺序，不要只靠提升字速假装节奏变快。,中段结构纠偏期的关键不是慌着全盘重写，而是保住主骨架、砍掉拖行李的部分。,对照原计划看哪些节点晚了、哪些支线占比超标、哪些信息应前置，调整要围绕主线推进效率展开。,中段结构纠偏期,对照原纲|保骨干删支线|快刀调整恢复前进感,一发现偏离就全盘推翻|只改字速不改结构|纠偏时又额外开新支线
PA-043,plan|write,节奏,知识补充,大战前静压|临战夜|高潮前蓄势|爆发前安静,大战前夜怎么排节奏|高潮前要不要安静一下|爆发前怎么蓄压,全部,大高潮前留一段静压期，让角色确认代价、准备装备、说完该说和没说的话，再去爆。,大战前静压聚能期能让高潮更重，因为它先让读者意识到这场战斗究竟要付出什么。,临战沉默、最后检查、交代后事、未尽之言、队伍再站位，这些看似慢的桥段正是把爆发抬高的弹簧。,大战前静压聚能期,临战沉默|代价确认|未尽之言积压爆点,大战前还在水无关日常|静压拖太久耗光火气|只摆氛围不交代 stakes
PA-044,plan|write,节奏,知识补充,爽点换挡|防疲劳|爽法轮换|中后期保鲜,一种爽点写多了怎么办|长篇怎么防打脸疲劳|中后期爽点怎么换口味,全部,主卖点可以稳定，但兑现方式必须轮换，把打脸、智斗、情感、真相和关系回报交替投放。,爽点换挡防疲劳期的目的，不是换掉卖点，而是让同一卖点从不同维度持续新鲜。,如果前期主打力量打脸，中后期就该插入规则破局、真相翻面、关系兑现或代价回收，避免单一爽法刷麻木。,爽点换挡防疲劳期,打脸换智斗|力量换情感|真相与关系交替释放,全书只有一种爽法|换挡过猛丢掉主卖点|为了换而换却不服务主线
PA-045,plan|write,节奏,知识补充,新地图导入|新副本开局|新环境适应|换地图节奏,换地图后前几章怎么写|新副本开局节奏怎么排|进入新环境怎么不拖,全部,新地图前几章必须同时给新规则、新诱饵和新危险，别只让角色到处逛着认识环境。,新地图适应导入期的目标，不是完整旅游说明，而是迅速让读者知道这里和旧地图最不同、最危险、最值得看的是什么。,开局一两章内最好完成新场景气味、新势力位置、新规则门槛和一个直观冲突的建立，避免导入期空转。,新地图适应导入期,新鲜感先抬起|规则差异立住|用小冲突快速着陆,导入期像旅游手册|只介绍设定不制造碰撞|新地图和旧地图体验无差别
PA-046,plan|write,节奏,知识补充,支线并线|回主轴|多线收束|支线归主线,支线太散怎么收回来|多条线怎么并回主线|写着写着跑偏怎么回主轴,全部,不要分别一条条收支线，优先设计一个汇点，让多条支线在同一事件上同时兑现并回主轴。,支线并线回主轴期最有效的写法，是让多条线在同一汇聚事件上互相证明自己不是白写的。,旧仇、旧案、旧物、角色关系和地图变化都可以在同一场大会战、同一案发夜或同一卷终点一起并线。,支线并线回主轴期,散线回拢|多线同时亮灯|主线再度清晰发光,支线一个个机械交差|回收完仍然和主线无关|并线节点没有足够戏剧压力
PA-047,plan|write,节奏,知识补充,连败压强|连续受挫|低谷蓄爆|翻盘前夜,主角连续吃瘪怎么写才有用|低谷期怎么蓄爆|翻盘前怎么压强,全部,连败不能只是反复输，要每输一次都换掉一层幻想，直到角色和读者都知道旧路真的走不通了。,连败压强蓄爆期的价值，在于把翻盘从想赢变成必须换一种活法，否则就会一直输下去。,资源断、信任裂、旧底牌失效、错误策略被证伪，这些连败内容比单纯数值打不过更能抬高后续爆发。,连败压强蓄爆期,希望被逐层剥掉|旧打法失效|新解法在绝境前成形,只是重复吃瘪没有新信息|低谷太长不给转机信号|输得像拖剧情而不是蓄爆
PA-048,plan|write,节奏,知识补充,线索递亮|剥洋葱真相|一层层揭露|真相推进,真相怎么一层层亮出来|线索推进节奏怎么排|悬疑不要一次讲完怎么办,悬疑|都市|奇幻,每次揭示只改写一层认知，但必须让读者明确感到自己比上一章更接近真相。,线索剥洋葱递亮期的重点，是让真相像一层层转向，而不是同一层信息换着说法重复讲。,先改写现象，再改写身份，再改写动机，最后改写根本规则，这种层级揭露会比一次性全抖出来更耐追。,线索剥洋葱递亮期,局部真相先亮|旧理解被推翻|越接近核心越不安,每次揭示都只是补旁枝|连续几章原地分析|真相最后仍靠天降说明
PA-049,plan|write,节奏,知识补充,关系冷战|关系发酵|不说破的裂口|沉默冲突,关系破裂后怎么继续写|冷战期节奏怎么排|不说破的矛盾怎么发酵,全部,冷战期不是停剧情，而是让每场合作和每次沉默都在替关系裂口加深纹路。,关系冷战发酵期最有戏的地方，不在争吵本身，而在角色仍必须并肩做事却再也回不到原来的顺手。,递东西停半拍、习惯称呼消失、分工开始改写、第三人都能感觉到不对，这些细节越细，冷战越有后劲。,关系冷战发酵期,压低声量|细节割裂|合作继续但默契变形,冷战等于不互动|反复重复同一场争吵|冷几章后无缘无故自动和好
PA-050,plan|write,节奏,知识补充,隐藏条件|真结局条件|隐藏路线|前置回填,真结局条件怎么提前铺|隐藏路线怎么埋|后面的大结局条件前面怎么回填,悬疑|游戏,把关键隐藏条件拆成多个早期可回看的小异常，不要完结前突然宣布读者从未见过的新规则。,隐藏条件回填期的核心，是让真结局看似意外、回头却早就处处有痕。,不起眼的道具、错过的选择、重复出现的句子、评级波动和支线善恶都可以是隐藏条件的前置痕迹。,隐藏条件回填期,早埋晚亮|回看自洽|临终局时突然串成线,隐藏条件从天而降|条件埋得太显眼变成剧透|只靠一条线支撑真结局
PA-051,plan|write,节奏,知识补充,终局分歧|结局铺路|多结局预埋|路线分叉,结局分歧前面怎么埋|多结局路线怎么铺|终局前如何让不同结局都成立,全部,若准备多个终局方向，必须让不同路线的价值观和选择逻辑在中后段就开始分家。 ,终局分歧铺路期的作用，是让不同结局不是作者临时选号，而是角色一路走来的自然分流。,救多数还是救所爱、守规则还是破规则、保世界还是保个人，这类核心分歧越早有影子，结局越站得住。,终局分歧铺路期,价值观分叉|选择逐渐有代价|终局前读者已能感到路在分开,最后几章才突然说有别的路线|不同结局只是换尾巴|分歧没有价值观根基
PA-052,plan|write,节奏,知识补充,总账清算|终章回收|完结收束|大结局结算,完结前哪些账要清|大结局怎么收得稳|结尾怎么把主线人物伏笔都落地,全部,完结前先列清主线账、人物账、情感账和设定账，主次分明地结，不要所有问题一起砸在尾声。 ,结局前总账清算期最怕手忙脚乱，最稳的方式是按重要度分层结清，让高潮、余波和余味各有位置。,主线胜负先结，关键人物归宿随后落地，伏笔与世界规则再做收束，最后再给情感和后日谈留口子。,结局前总账清算期,主账先结|人物账跟进|余波和余味分层落地,所有账都在最后一章仓促处理|只结主线不结人物|为了收尾硬删复杂问题
PA-053,plan|write,节奏,知识补充,压扬循环|压迫释放|短循环|爽点密度|连载节拍,压一压再扬怎么排|爽点多久给一次|连载节奏怎么做短循环,全部,连续几章里至少给一个清晰释放点，让压迫和回报形成可感知的小闭环。,长篇连载最稳的节奏，不是一直压或一直爽，而是不断完成小型压扬循环。,压迫可以是误解、倒计时、资源短缺，释放可以是真相一角、阶段胜利、关系回暖，关键是周期要稳。,压迫-释放短循环,先压一到两拍|给阶段释放|末尾再挂新诱饵,压太久不释放|章章都爽失去梯度|循环长短毫无规律
PA-054,plan|write,节奏,知识补充,质疑证明补刀|三拍节奏|打脸三段|补刀反转,打脸节奏怎么排|证明后怎么再补一刀|爽点三拍怎么做,都市|玄幻|悬疑|现言,把质疑、证明、补刀拆成三拍，不要一上来就直接宣布主角赢了。,很多打脸场的完成度，取决于最后那一拍补刀有没有把情绪真正抬满。,先让对方轻视，再让主角稳稳证明，最后用额外信息、隐藏身份或反手收益完成第三拍，会比单拍打脸更爽。,质疑-证明-补刀三拍,轻视压低预期|证明抬回局势|补刀再拔一层,质疑太弱没有压迫|证明过长拖掉爽感|缺最后一拍导致场面发虚
PA-055,plan|write,节奏,知识补充,爽后静默|爆点后反应|全场失声|回响节奏,爽点后要不要静一下|爆点后反应怎么排|全场安静怎么更有力量,全部,大爆点落地后给半拍静默，让角色、读者和场面一起消化重量，再决定是否补刀。,爆点后的静默不是降温，而是让爽感和震撼真正沉到心里。,一秒寂静、目光移动、物件掉落、称呼变化和迟到的喝彩，都属于爆点后的回响资产。,爆点后静默回响期,短暂停顿|群体反应分层|重量沉下后再续推,爆点一过立刻切下一件事|所有人反应模板化|静默拖太久反而泄气
PA-056,plan|write,节奏,知识补充,多线轮转|群像节拍|线线汇聚|视角轮换,多线叙事节奏怎么排|群像怎么轮转不散|视角轮换怎么更顺,全部,每条线都要带着新问题切入、带着旧问题退出，并朝同一汇聚点逼近。,多线轮转最怕松散，最稳的方法是每次切线都带着明确未完成事项。,主角线给主冲突，配角线给补证与压力，现实线给外部后果，只要汇聚点足够强，多线就会越切越紧。,多线轮转汇聚期,每线都有未完成动作|线间互补信息|汇聚节点持续升压,某条线长期无推进价值|轮换只为吊胃口|汇聚点来得太晚
PA-057,plan|write,节奏,知识补充,试错节奏|破局递进|错误答案|生路推理|反复验证,试错怎么写不重复|破局过程怎么递进|错误答案要怎么安排,悬疑|科幻,每次试错都必须新增一层有效信息，让失败也在推进破局，而不是原地打转。,试错型剧情的可读性，来自失败有信息增量，而不是单纯重复受苦。,错误路线最好分别验证不同规则、身份或时间点，越往后越逼近真正生路，形成逐步缩圈感。,试错递进破局期,失败换信息|答案逐渐收窄|每次重来都更接近核心,重复展示相同失败|试错没有验证价值|最后答案和前面失败毫无关系
PA-058,plan|write,节奏,知识补充,假安全|喘息期反杀|安全区崩塌|放松后出事,安全区后怎么再起危机|喘口气之后怎么追收|假平静怎么翻车,悬疑|全部,喘息期要先真的让人放松一口，再用一个早埋的小异常把安全感掀翻。,假安全崩塌的厉害处，在于危险不是更大，而是来得更准，专门打在读者刚刚放松的那一下。,补给点、病房、宿舍、安全区和庆功时刻都适合做这种节拍翻面，只要前面埋过异常就不会显得硬拐。,假安全崩塌追收期,短暂松弛|熟悉环境里出错|安全感被精准击碎,安全期短到还没形成落差|危机完全无前兆|每次都用同一种惊吓方式
PA-059,plan|write,节奏,知识补充,真假规则翻面|规则反转|认知翻盘|规则层级,真假规则什么时候翻|规则怎么一步步反转|认知翻盘节奏怎么排,悬疑,先让角色学会依赖表层规则，再逐步揭出规则层级，认知翻盘才有冲击力。,真假规则翻面最爽的地方，是角色以为终于掌握秩序，结果发现自己只是站上了下一层入口。,先保命，再怀疑，再证伪，再重建规则理解，这四步跑顺了，规则类故事就会越写越上头。,真假规则翻面期,先信后疑|局部证伪|新秩序建立前的失衡感,太早翻面导致读者抓不住规则|翻面只靠作者说|新规则不比旧规则更有解释力
PA-060,plan|write,节奏,知识补充,后日谈节奏|余温收束|完结降落|结局后几章,结局后还要写几章|后日谈节奏怎么控|完结后怎么慢慢落地,全部,后日谈只保留最值得落地的两三件事，让主线热度自然降下而不是突然熄火。,完结后的降落期很重要，它决定读者是被甩下车，还是被好好送到终点。,先结主线余波，再落人物去向，最后给母题或关系一个轻回响，通常就足够了。,后日谈降落余温期,主线热度缓降|关系轻落地|用小细节回响大主题,大结局后立刻硬切结束|后日谈写成流水账|为了留白把该交代的全省掉
PA-061,plan|write,爽点,知识补充,铺垫兑现微反转|三段式爽点|爽点闭环|还有一手,爽点怎么完整兑现|打脸后怎么再补一手|爽点结构怎么排,全部,爽点按铺垫、兑现、微反转三段走，先建立期待，再交付爆点，最后用一手补刀抬余味。,完整爽点不是单点爆炸，而是让读者先期待、再满足、再惊喜。,铺垫段给信息差和反差，兑现段给动作或结果，微反转段给隐藏收益、对方更惨或情感升温。,铺垫兑现微反转期,期待建立|爆点兑现|假结束后补刀,没有铺垫直接爆|兑现不改局面|微反转和前文无关
PA-062,plan|write,节奏,知识补充,情感账户|情绪债|回报节点|读者补偿,虐多了怎么补偿|情绪债怎么还|情感回报怎么安排,现言|古言|幻言|年代,长期压抑后必须安排清晰回报节点，否则读者会感觉只被折磨没有偿还。,情感账户决定女频和慢热文能不能留住读者，虐点之后要有看得见的补偿。,补偿可以是公开维护、旧账澄清、关系推进、物质改善、尊严找回或角色终于被理解。,情感账户回偿期,先欠后还|回报具体|关系状态改变,连续虐点无回报|补偿只靠口头安慰|伤害和回报不等价
PA-063,plan|write,虐点,知识补充,虐点蓄压|误会虐|背叛虐|心碎节点,虐点怎么设计|虐恋节奏怎么控|怎么虐得有理有据,现言|古言|幻言,虐点要建立情感纽带和不可回避的冲突，再让角色在最在乎处受伤。,有效虐点不是让角色倒霉，而是让读者清楚他为什么偏偏承受不了这一刀。,先写关系价值，再写误会或背叛的证据，最后让角色做出会改变关系的反应，虐才有后劲。,情绪蓄压虐点期,情感纽带|最痛处受击|反应改变关系,为虐而虐|角色受伤但读者无感|虐点不影响后续
PA-064,plan|write,节奏,知识补充,多方入局|冲突螺旋|修罗场节奏|催化事件,冲突怎么层层升级|修罗场怎么不乱|多方冲突怎么控,现言|古言|都市,冲突升级每次只新增一类压力，按私人矛盾、外部介入、公开后果逐步加码。,冲突螺旋要让读者感觉局面越来越难收，而不是同一件事吵十遍。,每次升级都应新增信息、新角色、新利益或新公开场合，并留下更难解决的后果。,冲突螺旋升级期,催化事件|新压力入场|后果扩大,反复争吵同一问题|所有矛盾一次塞满|升级后没有新局面
PA-065,plan|write,伏笔,知识补充,伏笔层级|核心伏笔|支线伏笔|装饰伏笔|回收窗口,伏笔怎么分层|伏笔什么时候回收|长篇线索怎么管,悬疑|全部,把伏笔分成核心、支线和装饰三层，并为每层设置不同回收窗口。,伏笔管理的重点不是埋得多，而是知道哪些必须回收，哪些只负责真实感。,核心伏笔服务主线，支线伏笔服务人物和阶段转折，装饰伏笔服务氛围和小回响，回收周期要有差异。,三层伏笔回收期,核心长线|支线中线|装饰短线,所有伏笔同等重要|埋了不记|回收时和原线索对不上
PA-066,plan|write,推理,知识补充,假设验证|线索充分|误导公平|读者参与,推理节奏怎么写|误导怎么公平|线索怎么让读者参与,悬疑,推理节奏要让读者不断形成假设、推翻假设、接近真相，而不是最后听主角宣布答案。,公平推理的爽点来自读者事后承认线索都在，只是自己没拼对。,误导线索要能解释表面现象，真线索要提前出现，结论要从证据链中自然推出。,假设验证推理期,提出假设|证据反驳|结论收束,答案靠新证据空降|误导没有合理解释|主角推理跳步
PA-067,plan|write,日常,知识补充,日常降压|轻松场伏笔|笑点温情|关系积累,日常场节奏怎么安排|轻松章节怎么不水|休整章怎么有用,全部,日常降压章要同时完成关系、伏笔或信息任务，不能只负责让角色闲聊。,好的休整期能让读者喘气，也能偷偷把下一轮冲突的材料摆好。,笑点、温情、微冲突和不对劲的小细节交替出现，日常就不会塌成水章。,日常降压蓄能期,轻松互动|信息暗埋|结尾微钩子,整章无推进|只有插科打诨|日常和后文完全断开
PA-068,plan|write,诊断,知识补充,中后期节奏诊断|结构健康|爽点库存|伏笔盘点,中后期卡文怎么诊断|节奏掉了怎么办|长篇怎么做复盘,全部,中后期节奏诊断要同时看结构进度、爽点密度、情感账户、人物弧线和伏笔库存。,长篇掉速通常不是单一问题，必须从五个维度一起判断改哪里。,若主线推迟、爽点重复、情感债过高、人物停滞或伏笔遗忘，就要分别用合并支线、换爽点、还债、推进弧线和回收线索处理。,五维中后期校准期,结构对表|爽点盘点|伏笔库存|人物推进,只喊加快节奏|不看已有承诺|大改方向没有数据依据
PA-069,plan|write,短篇,知识补充,快节奏叙事|高信息密度|场景跳切|强冲突,短篇节奏怎么快|知乎短篇怎么不水|高信息密度怎么写,全部,短篇每个场景都要带新信息或新冲突，过渡句能省就省。,快节奏不是写得急，而是每段都在推进处境、关系或真相。,用结果先行、场景直切、对话带信息、动作接后果来压缩篇幅，让读者持续被问题牵着走。,短篇高密度推进期,结果先行|场景直切|信息压缩,铺垫过长|解释多于行动|每段没有新增信息
PA-070,plan|write,短篇,知识补充,付费转化|卡点前置|付费后兑现|悬念回报,付费卡点节奏怎么控|卡点后怎么兑现|短篇付费怎么设计,全部,卡点前把冲突推到临界，卡点后必须快速兑现一部分答案并抛出更大问题。,付费节奏的核心是卡得准、还得快，不能只吊胃口不还债。,卡点前给问题和代价，付费后先给一个硬答案，再让答案带出更大的关系或真相裂口。,付费卡点兑现期,临界卡断|付费后立即回报|答案带新问题,卡点前没压力|付费后继续拖|兑现和前文钩子不对应
PA-071,plan|write,玄幻,知识补充,战中突破|境界爽点|瓶颈回收|升级反杀,境界突破爽点怎么排|战中升级怎么不突兀|玄幻升级节奏,玄幻|仙侠|幻言,境界突破要先让瓶颈和压力同时存在，爆发后立刻改变战局但保留不稳代价。,战中突破最爽的是旧问题终于被理解，力量随心境一起跨过去。,突破前用失败和压迫蓄势，突破中回收领悟，突破后用一招或一个判断改写战局。,战中破境兑现期,瓶颈蓄压|心境领悟|战局改写,没有瓶颈铺垫|升级变万能药|突破后无副作用
PA-072,plan|write,规则,知识补充,规则生路|试错缩圈|真假规则|安全感崩塌,规则怪谈爽点怎么做|生路推理怎么爽|规则破局节奏,悬疑,规则生路的爽点来自不断排除错误答案，最后找到唯一能活的动作。,规则类爽点不是暴力碾压，而是读者和主角一起把无解局面推成可解。,先学规则，再试错，再发现矛盾，再重建理解，最后用正确规则反制危险。,规则生路推理期,试错增量|错误排除|唯一动作落地,直接给答案|试错重复无信息|破解后规则失去威胁
PA-073,plan|write,替身,知识补充,尊严找回|替身觉醒|不再替代|情感清算,替身文爽点怎么写|女主不当替身怎么爽|尊严回收节奏,现言|古言,替身文爽点要从被比较到主动退出，再到身份和尊严重新定价。,替身文最强的爽点不是被男主追回，而是女主终于不再接受被替代的位置。,前期被投射越具体，后期归还象征物、拆穿真相、拒绝补偿时的回报越强。,替身尊严回收期,替代刺痛|主动退出|尊严重估,女主只等男主醒悟|尊严回收被复合冲淡|清算没有具体象征物
PA-074,plan|write,世情,知识补充,现实报应|生活反噬|旧账回收|人情清算,世情爽点怎么写|现实报应怎么爽|亲情旧账怎么回收,现言|年代|都市,世情报应要落在生活后果上，让占便宜的人被现实规则反噬。,世情文的爽感来自现实公平感回流，而不是夸张惩罚。,名声、单位、邻里、人情、钱账和照料责任都能成为报应载体，越接地气越有力。,世情现实清算期,旧账摊开|生活后果|公平感回流,报应过度戏剧化|只骂不改局面|现实逻辑不成立
PA-075,plan|write,经营,知识补充,种田复利|小胜累积|经营扩张|慢爽点,种田爽点怎么写|经营文节奏怎么不平|慢热爽点怎么安排,种田|年代|都市,经营爽点要小胜持续可见，每次收益都推动下一轮工具、渠道或地位升级。,种田慢爽靠复利，不靠一次暴富。,一篮菜、一张订单、一个熟客、一件工具都能成为下一阶段扩张的台阶，让读者看见生活变好。,经营复利积累期,小胜连续|收益转投资|生活改善可见,突然暴富|经营收益不进入下一步|只报数字没有生活变化
PA-076,plan|write,快穿,知识补充,快穿单元节奏|任务翻车|结算余波|世界切换,快穿节奏怎么排|每个世界怎么不重复|快穿结算怎么收,快穿,快穿单元按入场危机、任务推进、情感动摇、翻车反转、结算余波来跑，避免每个世界同模板。,快穿节奏的难点是既要快进世界设定，又要让单元情绪成立。,每个世界都应有独立危机和独立关系变化，结算时回收任务也要回收情绪。,快穿单元闭环期,入场危机|中段动摇|结算余波,只换地图不换矛盾|结算只报奖励|主角心态不累积
PA-077,plan|write,历史,知识补充,权谋爽点|借势翻盘|制度反杀|朝堂改判,历史权谋爽点怎么写|朝堂翻盘怎么爽|制度反杀怎么排,历史|古言,历史权谋爽点要让主角借制度和人心翻盘，而不是像现代辩论一样讲赢所有人。,权谋爽感来自在规则内反手利用规则，让压人的秩序反过来压对手。,奏章、证人、旧例、军功、税粮和礼制都能成为翻盘杠杆，爽点落在局面改判。,制度借势翻盘期,旧例回收|证据落地|权力改判,靠嘴炮说服全场|制度不存在|反派无理由失势
PA-078,plan|write,仙侠,知识补充,心境突破|因果回收|渡劫爽点|旧念放下,仙侠爽点怎么写|心境突破怎么爽|渡劫兑现怎么排,仙侠|幻言,仙侠爽点不只在战力增长，也在角色放下旧念后天地承认。,心境突破的爽感来自人终于越过自己，而不是数字往上跳。,前期执念压得越具体，渡劫或顿悟时放下的瞬间越有分量，外部异象只是证明。,心境破关兑现期,旧念蓄压|自我承认|天地回应,只涨境界不改心境|异象堆砌|旧因果没有回收
PA-079,plan|write,游戏,知识补充,极限翻盘|团战逆转|首杀竞速|赛事燃点,电竞爽点怎么写|游戏团战翻盘怎么燃|首杀争夺怎么排,游戏,游戏爽点要让读者看懂操作价值和战术风险，翻盘才不是硬喊燃。,电竞和游戏的爆点来自冷却差、视野差、资源差被精准利用。,先立劣势，再给对手逼近，再用一波配合或极限操作改写胜负，最后落公告或比分。,赛事极限翻盘期,劣势明确|操作可读|结果公开,看不懂操作|全靠解说夸|翻盘没有风险
PA-080,plan|write,科幻,知识补充,技术破局|工程爽点|代价换解法|科技碾压,科幻爽点怎么写|技术破局怎么爽|科技碾压怎么不万能,科幻,科幻爽点要让技术解法从限制中长出来，而不是突然拿出万能设备。,技术破局最爽的是主角理解系统边界后，用有限资源完成超预期结果。,能源、延迟、权限、材料和风险是技术爽点的压力源，解决它们才有工程感。,技术边界破局期,限制先立|资源调度|解法落地,黑科技空降|术语堆砌|技术没有代价
PA-081,plan|write,快穿,知识补充,任务反杀|剧情偏差|原主逆袭|世界线改写,快穿爽点怎么写|原主逆袭怎么爽|剧情偏差怎么反杀,快穿,快穿爽点要让主角用任务规则反杀原剧情，而不是单纯换个身份打脸。,快穿最稳的爽感来自原主遗憾被改写，原剧情压迫被反向利用。,偏差值、剧情节点、目标人物误判和原主旧证据都可以成为反杀工具。,任务规则反杀期,原剧情压迫|规则利用|遗憾改写,只靠主角强行开挂|原主情绪没回收|世界线变化无代价
PA-082,plan|write,种田,知识补充,生活改善|小家变好|家庭认可|烟火爽点,种田生活爽点怎么写|小日子变好怎么爽|慢生活怎么有回报,种田|年代,种田爽点要把收益落到吃穿住用和关系改善上，让读者看见日子真的变好。,慢生活爽感不是钱变多，而是生活边界一点点变宽。,新灶台、厚棉被、满粮缸、固定熟客和家人态度变化都能成为回报点。,生活改善兑现期,小物件回报|关系回暖|安全感增加,只报收入数字|生活没有变化|人物对改善无反应
PA-083,plan|write,衍生,知识补充,原作回响|名场面变奏|if线爽点|角色补完,同人爽点怎么写|名场面怎么改写|if线怎么有回报,衍生,衍生爽点要回响原作遗憾或名场面，让读者看到熟悉东西被重新点亮。,同人最有效的爽点来自补遗憾、改命运、救旧人或让原作伏笔换一种结果。,名场面可以变奏，但必须保留原作情绪核心，否则只剩借壳。,原作回响兑现期,旧遗憾|名场面变奏|角色补完,只借名字没有原作情绪|强行改命无代价|新剧情压坏原作人物
PA-084,plan|write,幻言,知识补充,契约甜虐|血脉共鸣|禁忌恋爽点|超凡守护,幻言甜虐怎么写|契约恋怎么爽|神妖恋爽点怎么做,幻言,幻言爽点要让超凡设定参与情绪兑现，守护、共鸣和禁忌都要有规则代价。,幻言的甜点不能只是拥抱告白，最好让契约或血脉在关键时刻回应真实情感。,契印发亮、血脉护主、灵兽认同和天规松动都能成为情绪可视化回报。,超凡情绪兑现期,情感触发|规则回应|代价保留,超凡设定不参与恋爱|甜点只有台词|规则代价被忽略
PA-085,plan|write,年代,知识补充,生活票证|小物改善|单位认可|院里风评,年代文爽点怎么写|年代生活改善怎么爽|四合院爽点怎么排,年代|种田,年代爽点要把改善落到票证、饭桌、衣物、住处和单位评价上。,年代文的爽不是抽象变强，而是小日子终于有底气。,先压生活窘迫和舆论难听，再用一件看得见的东西证明主角过得更好。,生活翻身兑现期,物资变化|风评逆转|家庭安心,只报收入数字|时代资源不受限|邻里反应缺席
PA-086,plan|write,种田,知识补充,基建复利|阶段收益|民心反馈|从无到有,基建爽点怎么写|种田发展怎么有成就感|领地建设爽点怎么排,种田|历史|奇幻,种田基建爽点要阶段化兑现，每完成一环都让生活能力和抗风险能力提升。,基建的快感是地盘一点点从破败变成能养人。,水源、粮仓、道路、作坊、集市按顺序推进，每一环都给具体反馈。,建设复利兑现期,缺口明确|工程完成|民心回报,一夜暴富|建设无成本|成果不改变生活
PA-087,plan|write,快穿,知识补充,虐渣反杀|任务评级|原主释然|世界线修正,快穿虐渣爽点怎么写|任务评级怎么用|原主逆袭怎么收束,快穿,快穿爽点要把原剧情压迫反向利用，并给原主执念一个明确回声。,快穿读者要看的不是赢一场嘴仗，而是旧命运被彻底改写。,压迫越具体，反杀越要对准原伤口，最后用评级、旁人反应或原主残念收束。,单元反杀兑现期,旧剧情压迫|证据回收|评级落地,虐渣无铺垫|评级只当装饰|原主情绪不回收
PA-088,plan|write,仙侠,知识补充,底牌耗尽|渡劫破关|天地承认|仇敌窥伺,仙侠渡劫爽点怎么写|破境爽点怎么排|飞升高潮怎么做,仙侠|玄幻,仙侠破境爽点要先把角色逼到资源和心境双重极限，再给天地回应。,渡劫爽不是雷越大越好，而是读者知道他真的撑过了不可能。,底牌碎裂、仇家出手、心魔追问和最后一念可以组成连续高压。,破境极限兑现期,底牌耗尽|内外夹击|天地回应,直接升级|雷劫只做烟花|没有心境代价
PA-089,plan|write,历史,知识补充,名分翻盘|证据入局|旧例压人|众目裁决,历史爽点怎么写|官场打脸怎么爽|权谋反杀怎么排,历史|古言,历史爽点要让身份、名分、旧例和证据一起发力，而不是主角单靠嘴硬。,权谋反杀最爽的是对手拿来压人的规则被原样压回去。,先铺权力差，再埋可调用凭据，最后让公开场合无法抵赖。,公堂改判兑现期,旧例回收|证据公开|名分逆转,靠吼赢朝堂|证据凭空出现|反派突然变蠢
PA-090,plan|write,幻言,知识补充,禁忌守护|契约回响|灵物认主|天规松动,幻言爽点怎么写|神妖守护怎么爽|契约回应怎么排,幻言,幻言情绪爽点要让规则为真心让路，但仍保留代价。,超凡世界的甜爽来自天地、契约或灵物承认这段关系。,先立禁忌和惩罚，再让主角用选择触发规则例外，最后留下后续代价。,规则回应兑现期,禁忌压迫|真心触发|代价保留,无代价破规|灵物只会卖萌|甜点全靠告白
PA-091,plan|write,衍生,知识补充,意难平修正|名场面改写|原作角色承认|粉丝回响,同人救意难平怎么爽|名场面改写怎么排|衍生爽点怎么写,衍生,衍生爽点要精准命中原作遗憾，改变结果时保留原场景的情绪核心。,同人读者的快感来自我知道这里本该痛，但这次终于不一样。,名场面前先唤起旧记忆，改变时给代价，改变后让原作角色产生新选择。,原作遗憾兑现期,旧痛重现|关键介入|新结果回响,只借壳不回响|强行救人无代价|原角色像路人
PA-092,plan|write,游戏,知识补充,首杀公告|掉落反馈|排行变化|团队认可,游戏副本爽点怎么写|首杀怎么爽|公会战奖励怎么排,游戏,游戏爽点要公开化，让系统公告、掉落、排行和队友反应证明价值。,游戏文最稳定的反馈是结果被规则承认并被所有人看见。,先建立副本难度和竞争对手，再用可读操作破局，最后落公告和收益。,公开反馈兑现期,难度认证|操作破局|公告奖励,奖励无意义|没人知道结果|靠旁白夸主角
PA-093,plan|write,种田,知识补充,家族养成|后代成长|护短出手|产业传承,家族种田爽点怎么写|养成家族怎么爽|老祖护短怎么排,种田|仙侠|历史,家族种田爽点要看整体势力变厚，不只看主角个人发财。,家族养成的快感来自人丁、教育、产业和后辈出息形成合力。,用败家子纠偏、天才后辈冒头、产业扩张和危机护短制造连续回报。,家族复利兑现期,人口增长|产业升级|护短反杀,全族工具人|后代没有差异|主角一人包办所有事
PA-094,plan|write,年代,知识补充,院落公审|名声逆转|证人站队|资源归还,年代院落冲突怎么爽|四合院打脸怎么写|熟人社会怎么反杀,年代,年代院落爽点要利用熟人社会的公开评价，让占便宜的人当众失去话语权。,院里打脸的关键不是吵赢，而是让旁观者从看热闹变成作证。,先铺流言和委屈，再抛账本、证人或票证，最后改写院里风评。,熟人公论兑现期,流言蓄压|证据落桌|风评改判,主角独自发疯|邻居无立场|坏人没有社会成本
PA-095,plan|write,快穿,知识补充,世界切换钩子|单元余韵|长期主线|系统隐瞒,快穿节奏怎么不断档|快穿换世界怎么留钩子|系统主线怎么埋,快穿,快穿节奏要在单元收束后留一根长期线，避免每个世界像无关短篇。,单元爽点负责当下满足，系统隐瞒和任务异常负责长期追读。,每个世界结尾除了评级，还要推进主系统、身份谜题或终局敌人的一小步。,单元余韵牵引期,任务收束|异常提示|长期线推进,世界之间毫无关系|只靠新设定续命|系统谜题不推进
PA-096,plan|write,仙侠,知识补充,论道压服|道心破绽|文斗异象|师门认可,仙侠文斗爽点怎么写|论道爽点怎么排|辩经赢了怎么兑现,仙侠|玄幻,仙侠文斗爽点要让主角指出对方道心破绽，并用结果影响地位或修行。,论道赢了必须改变关系、名声或境界，否则只是空谈。,先让对方道理有压迫感，再由主角经历破题，最后用师门或天地反馈落地。,文斗认同兑现期,对手立论|破绽击中|地位变化,纯嘴炮无后果|对手降智|异象滥用
PA-097,plan|write,历史,知识补充,隐忍蓄压|公堂翻案|证据落锤|名分归位,历史隐忍后爆怎么写|翻案爽点怎么排|权谋证据怎么爽,历史|古言,历史爽点要让压抑来自制度和名分，爆发来自证据终于进入正确程序。,翻案的爽不是喊冤，而是所有曾压人的名分被重新排列。,前面让主角不能说或说了无用，后面让文书、证人和旧例一起落地。,制度翻案爆发期,长期压案|证据入程序|名分重排,压抑不足|主角靠吼赢|证据无铺垫
PA-098,plan|write,快穿,知识补充,单元三段式|开局怨气|中段翻车|结算余韵,快穿单元节奏怎么排|快穿一个世界怎么写爽|任务结尾怎么留钩,快穿,快穿单元节奏要开局立怨气，中段让任务翻车，结尾同时回收原主和系统钩子。,快穿爽感靠密度，但密度必须有层次。,第一场给压迫，中段给偏差，高潮给反杀，结算给长期异常。,单元短弧节奏,怨气建立|任务偏差|结算异常,只打脸不留余韵|每个世界同节奏|任务线和情感线分离
PA-099,plan|write,种田,知识补充,慢热复利|日常小胜|长期改善|经营阶梯,种田节奏怎么不慢|慢爽怎么写|经营复利节奏怎么排,种田,种田节奏要用小胜连续推进，让每章都有一点生活或经营状态改变。,慢不是没事发生，而是收益逐步积累。,每个阶段安排一个具体改善点、一个新问题和一个关系反馈，形成复利阅读感。,慢爽复利推进期,小胜可见|新问题接上|生活状态改变,纯流水账|长期目标缺席|改善没有反馈
PA-100,plan|write,幻言,知识补充,甜虐交替|契约代价|禁忌推进|情绪回响,幻言甜虐节奏怎么排|契约恋怎么控节奏|神妖恋怎么不平,幻言,幻言甜虐要让每次亲近都触发更深规则压力，甜和虐不能互相取消。,禁忌恋的节奏不是一直虐，而是甜点越真代价越近。,小甜点用灵物或契约回应，大转折用族规、寿命或反噬逼选择。,契约甜虐波浪期,亲密升温|规则逼近|代价显形,只甜不推进|只虐无回报|规则压力忽有忽无
PA-101,plan|write,仙侠,知识补充,修行小爽|境界门槛|资源消耗|道心反馈,仙侠日常爽点怎么写|修行节奏怎么排|破境前小爽怎么做,仙侠|玄幻,仙侠节奏不能只靠大战，日常修行也要有小反馈和小门槛。,修行小爽来自读者看见主角一点点更懂自己的道。,一场小斗法、一枚丹药、一段论道、一次吐纳变化都能给阶段反馈。,修行阶梯反馈期,小门槛|小反馈|大境界铺垫,只等大突破|日常修炼空转|资源消耗缺席
PA-102,plan|write,年代,知识补充,院落连环爽|风评翻盘|单位认可|生活改善,年代节奏怎么排|四合院爽点怎么连续|年代文追读点怎么做,年代,年代文节奏适合用院落风评、单位认可和生活改善三条线轮流兑现。,年代爽点密度不能只靠吵架，要让现实处境逐步变好。,一章改风评，一章拿资源，一章修关系，形成熟人社会的连续回报。,年代三线轮动期,风评变化|资源到手|关系重排,天天吵架无进展|生活状态不变|单位线和家庭线割裂
PA-103,plan|write,衍生,知识补充,粉丝期待|旧梗回响|新线推进|角色补完,同人节奏怎么排|衍生追读点怎么做|粉丝服务怎么不卡文,衍生,衍生节奏要在原作回响和新剧情推进之间轮换，不能一直复刻或一直原创。,同人读者需要熟悉感，也需要新变量带来的期待。,小回响满足情绪，大分歧制造追读，新关系负责长期黏性。,回响分歧轮动期,原作回响|新变量|角色补完,只复刻原作|原创线脱离原作|粉丝服务无节制
PA-104,plan|write,古言,知识补充,宅斗递进|体面压迫|暗刺回收|名分升降,宅斗爽点怎么排|古言后宅节奏怎么写|暗斗怎么有回报,古言|历史,宅斗爽点要从小体面到大名分递进，别一上来就撕破脸。,古言暗斗的回报常常是座次、赏赐、称呼和婚约变化。,前期小刺试探，中期证据入局，高潮名分改判，节奏才有层次。,礼制暗斗兑现期,小刺蓄压|证据回收|名分变化,开局就泼妇吵架|礼制无反馈|爽点只靠骂赢
